insert into campeonato.estado(nome_estado, uf)
	values
	('São Paulo', 'SP'),
	('Rio Grande do Sul', 'RS'),
	('Distrito Federal', 'DF'),
	('Rio de Janeiro', 'RJ'),
	('Santa Catarina', 'SC'),
	('Minas Gerais', 'MG'),
	('Pará', 'PA');

insert into campeonato.cidade(nome_cidade, codigo_estado)
	values
	('Araraquara', 1),
	('Bragança', 1),
	('São Paulo', 1),
	('Santos', 1),
	('São José dos Campos', 1),
	('Porto Alegre', 2),
	('Brasília', 3),
	('Rio de Janeiro', 4),
	('Florianópolis', 5),
	('Belo Horizonte', 6),
	('Ananindeua', 7);
	
insert into campeonato.times(nome_time, codigo_cidade)
	values
	('SE Palmeiras', 3),
	('São Paulo FC', 3),
	('Internacional', 6),
	('Corinthians', 3),
	('Real Brasília FC', 7),
	('Flamengo', 8),
	('Ferroviária', 1),
	('Grémio FBPA', 6),
	('Santos FC', 3),
	('Avaí', 9),
	('CA Mineiro', 10),
	('Cruzeiro FC', 10),
	('São José', 5),
	('AA Esmac Ananindeua', 11),
	('Red Bull Bragantino', 2),
	('Cresspom', 7);
	
insert into campeonato.jogadores(nome, idade, codigo_time)
	values
	('Julia Bianchi', 24, 1),
	('Beatriz', 28, 1),
	('Thaís Ferreira', 25, 1),
	('Duda Santos', 25, 1),
	('Jully', 22, 1),
	('Chú', 31, 1),
	('Bianca Beatriz Alves de Araujo', 26, 1),
	('Ingrid', 28, 2),
	('Maressa', 25, 2),
	('Nana', 25, 2),
	('Thaís Regina', 22, 2),
	('Carla', 24, 2),
	('Carina', 35, 2),
	('Isa', 18, 2),
	('Mih', 27, 3),
	('Lelê', 33, 3),
	('Sorriso', 27, 3),
	('Maiara', 29, 3),
	('Duda Sampaio', 20, 3),
	('Bruna', 36, 3),
	('May', 20, 3),
	('Paulinha', 33, 4),
	('Jaqueline', 21, 4),
	('Diany', 32, 4),
	('Giovanna', 25, 4),
	('Gabi Portilho', 26, 4),
	('Adriana', 25, 4),
	('Letícia', 27, 4),
	('Maria São Pedro', 26, 5),
	('Adriane dos Santos', 33, 5),
	('Petra Cabrera', 31, 5),
	('Gabrielly', 26, 5),
	('Ana Lúcia Nascimento dos Santos', 30, 5),
	('Isabela', 26, 5),
	('Damiana', 32, 5),
	('Cida', 36, 6),
	('Thaisa', 33, 6),
	('Monalisa', 23, 6),
	('Maria Alves', 28, 6),
	('Kaka', 39, 6),
	('Duda', 26, 6),
	('Gica', 18, 6),
	('Luciana Maria Dionizio', 34, 7),
	('Larissa Pereira da Cruz', 34, 7),
	('Camila', 21, 7),
	('Ingryd', 24, 7),
	('Luana', 23, 7),
	('Barrinha', 34, 7),
	('Carolina', 26, 7),
	('Lorena', 24, 8),
	('Tuani', 31, 8),
	('Jessica Peña', 27, 8),
	('Catyellen', 25, 8),
	('Jessica', 30, 8),
	('Cássia', 27, 8),
	('Luany', 18, 8),
	('Cristiane', 36, 9),
	('Tayla', 29, 9),
	('Brena', 25, 9),
	('Viviane', 32, 9),
	('Fernandinha', 28, 9),
	('Giovanna', 29, 9),
	('Thaís Duarte Guedes', 29, 9),
	('Vilma', 33, 10),
	('Raquel', 35, 10),
	('Maike', 29, 10),
	('Kamila', 29, 10),
	('Roqueline', 26, 10),
	('Vic', 21, 10),
	('Tetyê', 18, 10),
	('Bruna', 25, 11),
	('Soraya', 25, 11),
	('Dayana Rodríguez', 20, 11),
	('Katielle', 24, 11),
	('Ana Carolina', 24, 11),
	('Nathane', 31, 11),
	('Nicole', 21, 11),
	('Mariana', 31, 12),
	('Nine', 20, 12),
	('Angela Cavijo', 28, 12),
	('Isabela Queiroz', 24, 12),
	('Vanessa', 25, 12),
	('Robinha', 27, 12),
	('Rubi', 34, 12),
	('Poliana', 30, 13),
	('Larissa', 20, 13),
	('Rosany', 26, 13),
	('Bea', 25, 13),
	('Verónica Riveros', 34, 13),
	('Rafaela', 31, 13),
	('Juliana', 25, 13),
	('Raquel', 35, 14),
	('Letícia', 27, 14),
	('Lora Capanem', 28, 14),
	('Radija', 19, 14),
	('Mari', 21, 14),
	('Silvani', 27, 14),
	('Luciene Baião', 26, 14),
	('Raquel', 21, 15),
	('Taba', 32, 15),
	('Mylena', 23, 15),
	('Guyd', 23, 15),
	('Hadri', 25, 15),
	('Luana Lima', 31, 15),
	('Karol', 24, 15),
	('Camila', 32, 16),
	('Bruna Amarante da Silva', 37, 16),
	('Kathleen Luane', 25, 16),
	('Thamires', 25, 16),
	('Natalia', 26, 16),
	('Silvania', 32, 16),
	('Letícia', 24, 16);
	
insert into campeonato.jogos(time1, time2, golstime1, golstime2, dia_jogo, local_jogo)
	values
	(4, 15, 2, 1, '2022-03-05', 3),
	(13, 10, 2, 0, '2022-03-05', 5),
	(3, 16, 2, 1, '2022-03-05', 6),
	(1, 11, 2, 1, '2022-03-04', 3),
	(5, 9, 3, 1, '2022-03-06', 7),
	(12, 8, 0, 0, '2022-03-06', 10),
	(7, 14, 2, 0, '2022-03-06', 1),
	(6, 2, 1, 1, '2022-03-07', 8),
	(8, 1, 1, 1, '2022-03-05', 6),
	(15, 7, 0, 1, '2022-03-05', 2),
	(9, 13, 4, 1, '2022-03-05', 4),
	(14, 3, 0, 4, '2022-03-04', 11),
	(10, 12, 0, 0, '2022-03-06', 9),
	(16, 6, 1, 3, '2022-03-06', 7),
	(2, 5, 3, 1, '2022-03-06', 3),
	(11, 4, 1, 1, '2022-03-07', 10);
	
insert into campeonato.jogo_jogadores(gols, codigo_jogador, codigo_jogo)
	values
	(0, 22, 1),
	(0, 23, 1),
	(1, 24, 1),
	(1, 25, 1),
	(0, 99, 1),
	(1, 100, 1),
	(0, 101, 1),
	(0, 102, 1),
	(1, 85, 2),
	(0, 86, 2),
	(1, 87, 2),
	(0, 88, 2),
	(0, 64, 2),
	(0, 65, 2),
	(0, 66, 2),
	(0, 67, 2),
	(0, 15, 3),
	(2, 16, 3),
	(0, 17, 3),
	(0, 18, 3),
	(1, 106, 3),
	(0, 107, 3),
	(0, 108, 3),
	(0, 109, 3),
	(0, 1, 4),
	(0, 2, 4),
	(1, 3, 4),
	(1, 4, 4),
	(0, 71, 4),
	(0, 72, 4),
	(0, 73, 4),
	(1, 74, 4),
	(0, 29, 5),
	(1, 30, 5),
	(0, 31, 5),
	(2, 32, 5),
	(0, 57, 5),
	(0, 58, 5),
	(1, 59, 5),
	(0, 60, 5),
	(0, 78, 6),
	(0, 79, 6),
	(0, 80, 6),
	(0, 81, 6),
	(0, 50, 6),
	(0, 51, 6),
	(0, 52, 6),
	(0, 53, 6),
	(1, 43, 7),
	(1, 44, 7),
	(0, 45, 7),
	(0, 46, 7),
	(0, 92, 7),
	(0, 93, 7),
	(0, 94, 7),
	(0, 95, 7),
	(0, 36, 8),
	(0, 37, 8),
	(0, 38, 8),
	(1, 39, 8),
	(0, 8, 8),
	(0, 9, 8),
	(1, 10, 8),
	(0, 11, 8),
	(0, 53, 9),
	(0, 54, 9),
	(1, 55, 9),
	(0, 56, 9),
	(0, 4, 9),
	(1, 5, 9),
	(0, 6, 9),
	(0, 7, 9),
	(0, 102, 10),
	(0, 103, 10),
	(0, 104, 10),
	(0, 105, 10),
	(0, 46, 10),
	(0, 47, 10),
	(1, 48, 10),
	(0, 49, 10),
	(1, 60, 11),
	(1, 61, 11),
	(1, 62, 11),
	(1, 63, 11),
	(1, 88, 11),
	(0, 89, 11),
	(0, 90, 11),
	(0, 91, 11),
	(0, 95, 12),
	(0, 96, 12),
	(0, 97, 12),
	(0, 98, 12),
	(1, 18, 12),
	(2, 19, 12),
	(0, 20, 12),
	(1, 21, 12),
	(0, 67, 13),
	(0, 68, 13),
	(0, 69, 13),
	(0, 70, 13),
	(0, 81, 13),
	(0, 82, 13),
	(0, 83, 13),
	(0, 84, 13),
	(0, 101, 14),
	(0, 102, 14),
	(1, 103, 14),
	(0, 104, 14),
	(0, 39, 14),
	(3, 40, 14),
	(0, 41, 14),
	(0, 42, 14),
	(1, 11, 15),
	(0, 12, 15),
	(2, 13, 15),
	(0, 14, 15),
	(1, 32, 15),
	(0, 33, 15),
	(0, 34, 15),
	(0, 35, 15),
	(0, 77, 16),
	(0, 76, 16),
	(0, 75, 16),
	(1, 74, 16),
	(0, 28, 16),
	(0, 27, 16),
	(1, 26, 16),
	(0, 25, 16);